Index score,,Suitability,Delta,Pole,List number,url,score,title
6,3,3,D,PC,20452,https://www.reddit.com/r/changemyview/comments/7j5asr/cmv_im_prochoice_but_i_dont_see_any_way_to_avoid/,578,"CMV: I'm pro-choice, but I don't see any way to avoid concluding that abortion is an immoral act"
6,3,3,D,PC,5227,https://www.reddit.com/r/changemyview/comments/64szba/cmv_abortions_should_be_legally_and_arent_a/,43,CMV: Abortions should be legally and aren't a morally bad thing. They are in fact socially and economically necessary.
5,3,2,D,PC,2346,https://www.reddit.com/r/changemyview/comments/5shhx3/cmv_i_am_not_prolife_nor_am_i_prochoice_i_am/,665,"CMV: I am not pro-life, nor am I pro-choice. I am pro-abortion"
5,3,2,D,~,1459,https://www.reddit.com/r/changemyview/comments/5rb7bq/cmv_abortion_should_be_protected_by_the_same_laws/,39,CMV: Abortion should be protected by the same laws that allow for lethal force in self defense
5,3,2,D,PL,1560,https://www.reddit.com/r/changemyview/comments/5ri7y5/cmv_the_context_of_a_pregnancy_however_abhorrent/,39,"CMV: The context of a pregnancy, however abhorrent (e.g. rape), does not affect the morality of abortion"
5,3,2,D,PL,5122,https://www.reddit.com/r/changemyview/comments/66csm1/cmv_abortion_is_unethical_in_most_cases_and/,15,CMV: Abortion is unethical in most cases and should not be promoted by society
4,3,1,D,~,506,https://www.reddit.com/r/changemyview/comments/5m17gg/cmv_prochoice_and_prolife_stances_are_both/,1145,"CMV: Pro-choice and pro-life stances are BOTH morally defensible positions, and neither is provably superior given difficulties in the epistemology of personhood."
4,3,1,D,~,8388,https://www.reddit.com/r/changemyview/comments/6ihcuk/cmv_the_only_logically_way_to_reconcile_the/,807,"CMV: The only logically way to reconcile the abortion debate is to admit that abortion ends a human life, but also that protection of human life is not always the primary concern of the law."
4,3,1,D,PL,5040,https://www.reddit.com/r/changemyview/comments/65jy88/cmv_being_against_abortion_does_not_inherently/,179,CMV: Being against abortion does not inherently mean one is sexist.
4,1,3,ND,PL,7684,https://www.reddit.com/r/changemyview/comments/69us5b/cmv_the_its_my_body_argument_in_defense_of/,80,"CMV: The \it's my body\"" argument in defense of abortion is erroneous."""
4,3,1,D,~,7144,https://www.reddit.com/r/changemyview/comments/6dv5t4/cmv_the_prolife_stance_is_terrible_not_because_of/,67,"CMV: The pro-life stance is terrible not because of the views of abortion, but the fact that they don't work towards any programs supported by the pro-choice movement (such as sex education, affordable and accessible healthcare, and attainable contraceptives, all provided by Planned Parenthood)"
4,1,3,ND,~,9190,https://www.reddit.com/r/changemyview/comments/6jo8kx/cmv_i_am_prolife/,60,CMV: I am pro-life.
4,3,1,D,~,7421,https://www.reddit.com/r/changemyview/comments/6csj0c/cmv_antiabortion_with_exceptions_for_rape_incest/,31,"CMV: \Anti-Abortion with exceptions for rape, incest and health and life of the mother\"" is idealogically bankrupt."""
4,1,3,ND,PC,8000,https://www.reddit.com/r/changemyview/comments/6iqb9g/cmv_making_abortion_illegal_does_more_harm_than/,30,CMV: Making abortion illegal does more harm than good.
4,3,1,D,PL,2447,https://www.reddit.com/r/changemyview/comments/5v5emi/cmv_if_you_are_prochoice_there_should_be_no/,25,"CMV: If you are pro-choice, there should be no circumstances in which you are against using embryonic stem cells"
3,1,2,ND,PC,5992,https://www.reddit.com/r/changemyview/comments/66fx2g/cmv_i_support_unquestionable_access_to_abortion/,50,CMV: I support unquestionable access to abortion in the U.S. It is ending a life but I believe it is a more-humane response to raising an unwanted child in an ill-equipped home.
2,1,1,ND,~,10333,https://www.reddit.com/r/changemyview/comments/6n7eru/cmv_i_believe_the_topic_of_abortion_can_be_boiled/,64,CMV: I believe the topic of abortion can be boiled down to where human life is defined
2,1,1,ND,PL,18842,https://www.reddit.com/r/changemyview/comments/7abevg/cmv_im_prolife/,16,CMV: I'm pro-life.